<?xml version="1.0" encoding="UTF-8"?>
<project-private xmlns="http://www.netbeans.org/ns/project-private/1">
    <editor-bookmarks xmlns="http://www.netbeans.org/ns/editor-bookmarks/2" lastBookmarkId="0"/>
    <open-files xmlns="http://www.netbeans.org/ns/projectui-open-files/2">
        <group>
            <file>file:/F:/J2EE%20Materials/Java/Java%20Serverside%20Programming/Hibernate/my_jsfHibernate/src/java/com/cesurazure/StudentService.java</file>
            <file>file:/F:/J2EE%20Materials/Java/Java%20Serverside%20Programming/Hibernate/my_jsfHibernate/src/java/com/cesurazure/StudentController.java</file>
        </group>
    </open-files>
</project-private>
